actor,movie_or_TV_name
Stephen Triffitt,Blade Runner 2049
Stephen Triffitt,Suzie Gold
Stephen Triffitt,Stars in Their Eyes
Stephen Triffitt,Holby City
Stephen Triffitt,The Talk of the Town
Stephen Triffitt,The Bonnie Hunt Show
Stephen Triffitt,Saturday Swings
Stephen Triffitt,Stars in Their Eyes
Jimmy Star,Metal Heavy
Jimmy Star,Clown Motel 2
Jimmy Star,Compatible
Jimmy Star,The Beast Inside
Jimmy Star,Morbius
Jimmy Star,The Batman
Jimmy Star,F9: The Fast Saga
Jimmy Star,The Scene Snobs Podcast Live
Jimmy Star,FCR247 Interviews
Jimmy Star,The Witches
Jimmy Star,Stardust
Jimmy Star,Tenet
Jimmy Star,The Old Guard
Jimmy Star,Eurovision Song Contest: The Story of Fire Saga
Jimmy Star,Stargirl
Jimmy Star,The King of Staten Island
Jimmy Star,Batwoman
Jimmy Star,Valley Girl
Jimmy Star,Bosch
Jimmy Star,S.W.A.T.
Jimmy Star,The Rookie
Jimmy Star,The Resident
Jimmy Star,Star Wars: Episode IX - The Rise of Skywalker
Jimmy Star,Titans
Jimmy Star,The Good Doctor
Jimmy Star,Joker
Jimmy Star,Swamp Thing
Jimmy Star,Once Upon a Time... In Hollywood
Jimmy Star,John Wick: Chapter 3 - Parabellum
Jimmy Star,Aquaman
Jimmy Star,How to Get Away with Murder
Jimmy Star,Justice League
Jimmy Star,Bull
Jimmy Star,Blade Runner 2049
Jimmy Star,Grey's Anatomy
Jimmy Star,It
Jimmy Star,John Wick: Chapter 2
Jimmy Star,The Crash
Jimmy Star,Suicide Squad
Jimmy Star,X-Men: Apocalypse
Jimmy Star,Captain America: Civil War
Jimmy Star,Batman v Superman: Dawn of Justice
Jimmy Star,Riot
David Benson,Up Pompeii
Jimmy Star,Straight Outta Compton
Jimmy Star,Mission: Impossible - Rogue Nation
Jimmy Star,Tomorrowland
Jimmy Star,Furious 7
Jimmy Star,The Vampire Diaries
David Benson,Blade Runner 2049
David Benson,Doctor Who
David Benson,Pride of Britain
David Benson,"National Theatre Live: One Man, Two Guvnors"
David Benson,Cirque du Mort
David Benson,The Springheel Saga
David Benson,Spook Squad
David Benson,Little Britain
David Benson,Wedding Espresso
Jimmy Star,John Wick
Jimmy Star,Lucy
Jimmy Star,Guardians of the Galaxy
Jimmy Star,X-Men: Days of Future Past
Jimmy Star,Chef
Jimmy Star,The Glades
Jimmy Star,Fast & Furious 6
Jimmy Star,Iron Man 3
David Benson,Camouflage
David Benson,School Disco
David Benson,Goodnight Sweetheart
David Benson,Jackanory
David Benson,The Panto Podcast
David Benson,David Benson & Jack Lane in conversation with Morris Bright MBE
David Benson,The Story of Jackanory
David Benson,An Interview with David Benson
Jimmy Star,Pain & Gain
Jimmy Star,Spring Breakers
Jimmy Star,Step Up Revolution
Jimmy Star,Rock of Ages
David Benson,Richard & Judy
David Benson,Heroes of Comedy
David Benson,Legends
David Benson,Reputations
David Benson,What's a Carry on?
Jimmy Star,The Avengers
Jimmy Star,Phoenix Falling
Jimmy Star,Thor
Jimmy Star,Fast Five
Jimmy Star,Son of Morning
Jimmy Star,Saw: The Final Chapter
Jimmy Star,CSI: Miami
Jimmy Star,The Incubus
Jimmy Star,The Twilight Saga: Eclipse
Jimmy Star,Burn Notice
Jimmy Star,Avatar
Jimmy Star,The Twilight Saga: New Moon
Jimmy Star,Confessions of a Shopaholic
Jimmy Star,If I Were Dictator
Jimmy Star,Marley & Me
Jimmy Star,Twilight
Jimmy Star,Work of Art
Jimmy Star,Saw V
Jimmy Star,Sex Drive
Jimmy Star,Death Race
Jimmy Star,Bachelor Party 2: The Last Temptation
Jimmy Star,Never Back Down
Jimmy Star,Pretty in Red
Jimmy Star,Prison Break
Jimmy Star,Boston Legal
Jimmy Star,Dexter
Jimmy Star,Spider-Man 3
Jimmy Star,The Covenant
Jimmy Star,Kyle XY
Jimmy Star,Miami Vice
Jimmy Star,Superman Returns
Jimmy Star,X-Men: The Last Stand
Jimmy Star,Mission: Impossible III
Jimmy Star,King Kong
Jimmy Star,Transporter 2
Jimmy Star,Red Eye
Jimmy Star,Batman Begins
Jimmy Star,Star Wars: Episode III - Revenge of the Sith
Jimmy Star,The Amityville Horror
Jimmy Star,Cursed
Jimmy Star,Meet the Fockers
Jimmy Star,Spider-Man 2
Jimmy Star,The Punisher
Jimmy Star,Bad Boys II
Jimmy Star,Daredevil
Jimmy Star,Catch Me If You Can
Jimmy Star,Maid in Manhattan
Jimmy Star,Star Wars: Episode II - Attack of the Clones
Jimmy Star,Law & Order: Special Victims Unit
Jimmy Star,Summer Catch
Jimmy Star,Jeepers Creepers
Jimmy Star,Legally Blonde
Jimmy Star,The Fast and the Furious
Jimmy Star,Almost Famous
Jimmy Star,The Watcher
Jimmy Star,Coyote Ugly
Jimmy Star,X-Men
Jimmy Star,Golfballs!
Jimmy Star,ER
Jimmy Star,Enemy of the State
Jimmy Star,Godzilla
Jimmy Star,Wild Things
Jimmy Star,Starship Troopers
Jimmy Star,G.I. Jane
Jimmy Star,Law & Order
Jimmy Star,D3: The Mighty Ducks
Jimmy Star,Heat
Jimmy Star,The Specialist
Jimmy Star,Ace Ventura: Pet Detective
Jimmy Star,Rudy
Jimmy Star,The Bodyguard
Jimmy Star,The Mighty Ducks
Jimmy Star,Doc Hollywood
Jimmy Star,Prayer of the Rollerboys
Jimmy Star,Swamp Thing
Jimmy Star,Superboy
Jimmy Star,Gross Anatomy
Jimmy Star,Miami Vice
Jimmy Star,Batman
Jimmy Star,Gleaming the Cube
Jimmy Star,North Shore
Jimmy Star,The Lost Boys
Jimmy Star,21 Jump Street
Jimmy Star,Solarbabies
Jimmy Star,Thrashin'
Jimmy Star,Ferris Bueller's Day Off
Jimmy Star,The A-Team
Jimmy Star,Tuff Turf
Jimmy Star,Ghostbusters
Jimmy Star,Scarface
Jimmy Star,The Car
Jimmy Star,Starsky and Hutch
Jimmy Star,Thomas J. Churchill's - M
Jimmy Star,From China Town to China Town
Jimmy Star,Misfit 2
Jimmy Star,Paradise Road
Jimmy Star,The Unseen
Jimmy Star,The Rhonda Swan Show
Jimmy Star,Rock & Roll Tuesdays with Rocky Kramer
Jimmy Star,The Simonetta Lein Show
Jimmy Star,Rocky Kramer Alcohol
Jimmy Star,Help Me Rhonda Show
Jimmy Star,If These Walls Could Talk
Jimmy Star,FCR247 Interviews
Jimmy Star,Big Freaking Rat
Jimmy Star,The Amityville Harvest
Jimmy Star,Silence
Jimmy Star,The Jimmy Star Show with Ron Russell
Jimmy Star,The Jimmy Star Show with Ron Russell
Jimmy Star,Chef
Jimmy Star,Pain & Gain
Jimmy Star,Exposure
Jimmy Star,Phoenix Falling
Jimmy Star,Son of Morning
Jimmy Star,Confessions of a Shopaholic
Jimmy Star,Marley & Me
Jimmy Star,Work of Art
Jimmy Star,Bachelor Party 2: The Last Temptation
Jimmy Star,2 Fast 2 Furious
Jimmy Star,The Jimmy Star Show with Ron Russell
Jimmy Star,Exposure
Jimmy Star,Brutal
Jimmy Star,Work of Art
Jimmy Star,Chaplin: A Silent Icon
Jimmy Star,Lady Diana
Jimmy Star,Work of Art
Jimmy Star,Around the Table with Ron and Jimmy
Jimmy Star,The Beast Beneath Lake Bullaren
Jimmy Star,Satellites Podcast
Jimmy Star,Clown Motel: Spirits Arise
Jimmy Star,Celebrity Ghost Hunters: The Movie
Jimmy Star,The Jimmy Star Show with Ron Russell
Jimmy Star,The Tattness Podcast Uncensored
Jimmy Star,COFOH Live and Undead
Jimmy Star,Indie Brigade
Jimmy Star,Around the Table with Ron and Jimmy
Jimmy Star,Croaker
Jimmy Star,Exposure
Ben Thompson,Blade Runner 2049
Lennie James,Fear the Walking Dead
Lennie James,Save Me
Lennie James,There There
Lennie James,Happy Trails
Lennie James,Invincible
Lennie James,Peter Rabbit 2: The Runaway
Lennie James,Unprecedented: Real Time Theatre from a State of Isolation
Lennie James,Destiny 2: Shadowkeep
Lennie James,Fear the Walking Dead: The Althea Tapes
Lennie James,The Walking Dead
Lennie James,Destiny 2: Forsaken
Lennie James,The Girl on the Roof
Lennie James,Robot Chicken
Lennie James,Blade Runner 2049
Lennie James,Destiny 2
Lennie James,Double Play
Lennie James,Civilianaire Boys' Club
Lennie James,Destiny: The Taken King
Lennie James,Critical
Lennie James,Destiny
Lennie James,Get on Up
Lennie James,Swelter
Lennie James,Low Winter Sun
Lennie James,Run
Lennie James,Line of Duty
Lennie James,Lockout
Lennie James,Hung
Lennie James,Colombiana
Lennie James,Human Target
Lennie James,The Next Three Days
Lennie James,Mob Rules
Lennie James,The Prisoner
Lennie James,Three Rivers
Lennie James,Lie to Me
Lennie James,U.S. Attorney
Lennie James,Fallout
Lennie James,Jericho
Lennie James,Outlaw
Lennie James,Countdown
Lennie James,The State Within
Lennie James,MI-5
Lennie James,The Family Man
Lennie James,ShakespeaRe-Told
Lennie James,Born with Two Mothers
Lennie James,Sahara
Lennie James,My Shakespeare
Lennie James,Frances Tuesday
Lennie James,Stealing Lives
Lennie James,Family Business
Lennie James,Buried
Lennie James,Without You
Lennie James,24 Hour Party People
Lennie James,The Martins: Deleted Scenes
Lennie James,The Martins: Outtakes
Lennie James,The Martins
Lennie James,Lucky Break
Lennie James,The Announcement
Lennie James,Snatch
Lennie James,The Miracle Maker
Lennie James,Storm Damage
Lennie James,Shockers
Lennie James,Elephant Juice
Lennie James,Cold Feet
Lennie James,Undercover Heart
Lennie James,Among Giants
Lennie James,Les Misérables
Lennie James,Lost in Space
Lennie James,The Perfect Blue
Lennie James,Out of the Blue
Lennie James,Scene
Lennie James,Forest People
Lennie James,"Fathers, Sons and Unholy Ghosts"
Lennie James,Thief Takers
Lennie James,Lloyds Bank Channel 4 Film Challenge
Lennie James,Love Hurts
Lennie James,A Touch of Frost
Lennie James,Comics
Lennie James,Civvies
Lennie James,The Orchid House
Lennie James,Screenplay
Lennie James,Save Me
Lennie James,Storm Damage
Lennie James,The Bill
Lennie James,Screenplay
Lennie James,Save Me
Lennie James,Fear the Walking Dead
Lennie James,Among Giants
Lennie James,The Walking Dead: The Journey So Far
Lennie James,Intimacy
Lennie James,Celebrity Page
Lennie James,Talking Dead
Lennie James,The Late Late Show with James Corden
Lennie James,The Critics' Choice Super Awards
Lennie James,Lorraine
Ryan Gosling,Project Hail Mary
Lennie James,The Met: Policing London
Lennie James,Monday Morning Critic Podcast
Lennie James,The Minds Behind: Fear The Walking Dead
Lennie James,Last Call with Carson Daly
Lennie James,GeekRockTV
Lennie James,The One Show
Lennie James,The Chris Moyles Show on Radio X
Ryan Gosling,The Actor
Ryan Gosling,Wolfman
Ryan Gosling,Barbie
Lennie James,Designing the World of Blade Runner 2049
Lennie James,The Walking Dead: Behind the Dead
Lennie James,The 18th Annual ANWOL Awards Gala
Lennie James,The Walking Dead: The Journey So Far
Lennie James,The Late Show with Stephen Colbert
Lennie James,Bafta's 60 Seconds With...
Lennie James,Sunday Brunch
Lennie James,Making the Next Three Days
Lennie James,The Men of the Next Three Days
Lennie James,The Making of the Walking Dead
Samuel Brown,The Alienist
Ryan Gosling,The Gray Man
Ryan Gosling,First Man
Ryan Gosling,Blade Runner 2049
Ryan Gosling,The Nice Guys: Word of the Day
Ryan Gosling,Song to Song
Lennie James,A Six Hour Film Shot in 92 Days: The Diary of 'The Prisoner'
Lennie James,Beautiful Prison: The World of 'The Prisoner'
Lennie James,RSC Meets USA: Working Shakespeare
Lennie James,Pure 24
Lennie James,24 Hour Party People: Manchester the Movie
Lennie James,Close Up
Lennie James,Heroes Manufactured
Samuel Brown,Blade Runner 2049
Samuel Brown,Beauty and the Beast
Samuel Brown,Playground
Samuel Brown,Pan
Ryan Gosling,La La Land
Ryan Gosling,The Nice Guys
Ryan Gosling,The Big Short
Ryan Gosling,Only God Forgives
Harrison Ford,Shrinking
Ryan Gosling,Gangster Squad
Ryan Gosling,The Place Beyond the Pines
Ryan Gosling,Drunk History Christmas
Ryan Gosling,Drunk History
Ryan Gosling,The Ides of March
Ryan Gosling,"Crazy, Stupid, Love."
Ryan Gosling,Drive
Harrison Ford,Indiana Jones 5
Harrison Ford,The Call of the Wild
Harrison Ford,Star Wars: Episode IX - The Rise of Skywalker
Harrison Ford,The Secret Life of Pets 2
Harrison Ford,Blade Runner 2049
Ryan Gosling,All Good Things
Ryan Gosling,Blue Valentine
Barkhad Abdi,Agent Game
Harrison Ford,Lego Star Wars: The Force Awakens
Harrison Ford,Star Wars: Episode VII - The Force Awakens
Harrison Ford,The Age of Adaline
Harrison Ford,Nature Is Speaking
Harrison Ford,The Expendables 3
Harrison Ford,Anchorman 2: The Legend Continues
Harrison Ford,Ender's Game
Harrison Ford,Paranoia
Ryan Gosling,Lars and the Real Girl
Ryan Gosling,Fracture
Ryan Gosling,Half Nelson
Ryan Gosling,Stay
Ryan Gosling,I'm Still Here: Real Diaries of Young People Who Lived During the Holocaust
Ryan Gosling,The Notebook: Deleted Scenes
Barkhad Abdi,Tyson's Run
Barkhad Abdi,Blade Runner: Black Lotus
Barkhad Abdi,Beneath a Sea of Lights
Barkhad Abdi,Castle Rock
Harrison Ford,42
Harrison Ford,Star Wars: Episode IV: A New Hope - Deleted Scenes
Harrison Ford,Star Wars: Episode VI - Return of the Jedi: Deleted Scenes
Harrison Ford,Star Wars: Episode V - The Empire Strikes Back: Deleted Scenes
Harrison Ford,Cowboys & Aliens
Harrison Ford,Morning Glory
Harrison Ford,Extraordinary Measures
Harrison Ford,Crossing Over
Harrison Ford,Indiana Jones and the Kingdom of the Crystal Skull
Harrison Ford,Jimmy Kimmel & Ben Affleck: I'm Fucking Ben Affleck
Harrison Ford,Firewall
Ryan Gosling,The Notebook
Ryan Gosling,The United States of Leland
Ryan Gosling,Murder by Numbers
Barkhad Abdi,A Girl from Mogadishu
Barkhad Abdi,The Extraordinary Journey of the Fakir
Barkhad Abdi,Blade Runner 2049
Barkhad Abdi,Good Time
Barkhad Abdi,Extortion
Barkhad Abdi,The Pirates of Somalia
Barkhad Abdi,America; I Too
Barkhad Abdi,Family Guy
Barkhad Abdi,The Brothers Grimsby
Barkhad Abdi,Wolf Who Cried Boy
Barkhad Abdi,Eye in the Sky
Barkhad Abdi,Hawaii Five-0
Barkhad Abdi,Captain Phillips
Barkhad Abdi,Celebrity Page
Barkhad Abdi,Conan
Barkhad Abdi,Men in the Arena
Harrison Ford,Water to Wine
Harrison Ford,Hollywood Homicide
Harrison Ford,K-19: The Widowmaker
Harrison Ford,What Lies Beneath
Harrison Ford,Random Hearts
Harrison Ford,Six Days Seven Nights
Harrison Ford,Frontline
Harrison Ford,Air Force One
Harrison Ford,The Devil's Own
Harrison Ford,Sabrina
Ryan Gosling,The Slaughter Rule
Ryan Gosling,The Believer
Ryan Gosling,Remember the Titans
Ryan Gosling,The Unbelievables
Ryan Gosling,Young Hercules
Ryan Gosling,Hercules: The Legendary Journeys
Ryan Gosling,Breaker High
Ryan Gosling,Nothing Too Good for a Cowboy
Ryan Gosling,The Adventures of Shirley Holmes
Ryan Gosling,Flash Forward
Barkhad Abdi,Hollywood Today Live
Barkhad Abdi,2014 MTV Movie Awards
Barkhad Abdi,Inside Edition
Barkhad Abdi,The Insider
Harrison Ford,Indiana Jones and the Temple of the Forbidden Eye Ride
Harrison Ford,Clear and Present Danger
Harrison Ford,Jimmy Hollywood
Harrison Ford,The Fugitive
Harrison Ford,The Young Indiana Jones Chronicles
Harrison Ford,Patriot Games
Harrison Ford,Regarding Henry
Harrison Ford,Presumed Innocent
Ryan Gosling,PSI Factor: Chronicles of the Paranormal
Ryan Gosling,Frankenstein and Me
Ryan Gosling,Ready or Not
Ryan Gosling,Kung Fu: The Legend Continues
Ryan Gosling,Avonlea
Ryan Gosling,Goosebumps
Ryan Gosling,Are You Afraid of the Dark?
Ryan Gosling,Project Hail Mary
Ryan Gosling,The Actor
Barkhad Abdi,Jimmy Kimmel Live!
Barkhad Abdi,E! Live from the Red Carpet
Barkhad Abdi,The Oscars
Barkhad Abdi,The EE British Academy Film Awards
Barkhad Abdi,Capturing Captain Phillips
Barkhad Abdi,Home & Family
Barkhad Abdi,20th Annual Screen Actors Guild Awards
Barkhad Abdi,19th Annual Critics' Choice Movie Awards
Barkhad Abdi,Tavis Smiley
Barkhad Abdi,71st Golden Globe Awards
Barkhad Abdi,CBS News Sunday Morning
Barkhad Abdi,Good Day L.A.
Barkhad Abdi,Access Daily
Harrison Ford,Indiana Jones and the Last Crusade
Harrison Ford,Working Girl
Harrison Ford,Frantic
Harrison Ford,The Mosquito Coast
Harrison Ford,Witness
Harrison Ford,Indiana Jones and the Temple of Doom
Harrison Ford,Star Wars: Episode VI - Return of the Jedi
Harrison Ford,Blade Runner
Harrison Ford,Indiana Jones and the Raiders of the Lost Ark
Harrison Ford,Star Wars: Episode V - The Empire Strikes Back
Ferenc Györgyi,Blade Runner 2049
Ryan Gosling,Wolfman
Ryan Gosling,Lost River
Ryan Gosling,White Shadow
Ryan Gosling,Only God Forgives
Ryan Gosling,ReGeneration
Ryan Gosling,Blue Valentine
Ryan Gosling,Lost River
Ryan Gosling,Haunters: The Art of the Scare
Ryan Gosling,Song to Song
Barkhad Abdi,Just Seen It
Barkhad Abdi,The Arsenio Hall Show
Barkhad Abdi,Live with Kelly and Ryan
Barkhad Abdi,Made in Hollywood
Barkhad Abdi,Today
Harrison Ford,More American Graffiti
Harrison Ford,The Frisco Kid
Harrison Ford,Apocalypse Now
Harrison Ford,Hanover Street
Harrison Ford,The Star Wars Holiday Special
Harrison Ford,The Story of the Faithful Wookiee
Harrison Ford,Force 10 from Navarone
Ryan Gosling,Dead Man's Bones: Flowers Grow Out of My Grave
Ryan Gosling,La La Land
Ryan Gosling,The Stairs
Ryan Gosling,With Heavy Hands
Ryan Gosling,Lost River
Ryan Gosling,The Conjuring
Ryan Gosling,The Place Beyond the Pines
Ryan Gosling,Caine's Arcade
Ryan Gosling,Dollhouse
Ryan Gosling,Teen Wolf
Ryan Gosling,Cinema 3
Ryan Gosling,Blue Valentine
Ryan Gosling,Lars and the Real Girl
Ryan Gosling,Wild Roomies
Ryan Gosling,Lost River
Ryan Gosling,The Place Beyond the Pines
Harrison Ford,Heroes
Harrison Ford,Star Wars
Harrison Ford,The Possessed
Harrison Ford,Dynasty
Harrison Ford,Judgment: The Court Martial of Lieutenant William Calley
Harrison Ford,Petrocelli
Harrison Ford,The Conversation
Harrison Ford,Kung Fu
Harrison Ford,American Graffiti
Harrison Ford,Gunsmoke
Harrison Ford,Dan August
Harrison Ford,The Intruders
Harrison Ford,Getting Straight
Harrison Ford,Zabriskie Point
Harrison Ford,"Love, American Style"
Harrison Ford,The F.B.I.
Harrison Ford,My Friend Tony
Harrison Ford,Mod Squad
Ryan Gosling,Drive
Ryan Gosling,The Favourite
Ryan Gosling,Amor
Ryan Gosling,Daphne
Ryan Gosling,The Jinx: The Life and Deaths of Robert Durst
Ryan Gosling,Little Birds
Ryan Gosling,HBO First Look
Harrison Ford,Journey to Shiloh
Harrison Ford,Ironside
Harrison Ford,The Virginian
Harrison Ford,A Time for Killing
Harrison Ford,Luv
Harrison Ford,Dead Heat on a Merry-Go-Round
Harrison Ford,Nature Is Speaking
Harrison Ford,The Staircase
Harrison Ford,Extraordinary Measures
Harrison Ford,K-19: The Widowmaker
Harrison Ford,Toxic Puzzle
Harrison Ford,AFI Life Achievement Award
Harrison Ford,Feast of Friends
Harrison Ford,The Tonight Show Starring Jimmy Fallon
Ryan Gosling,Lorraine
Ryan Gosling,Hollywood Insider
Ryan Gosling,My Favorite Shapes by Julio Torres
Ryan Gosling,Celebrity Page
Ryan Gosling,First Man: Astronaut Training
Harrison Ford,L'Idiot et le Faucon
Harrison Ford,On Set with 'Raiders of the Lost Ark'
Harrison Ford,A Backyard Story
Harrison Ford,Bollywood Hero
Harrison Ford,Indiana Jones and the Staff of Kings
Harrison Ford,Indiana Jones and the Star Test Crusade
Harrison Ford,Indiana Jones 4: Pre-production
Harrison Ford,Indiana Jones 4: The Return of a Legend
Harrison Ford,Stephanie Daley
Harrison Ford,The Characters of 'Star Wars'
Harrison Ford,The Force Is with Them: The Legacy of 'Star Wars'
Harrison Ford,Empire of Dreams: The Story of the 'Star Wars' Trilogy
Harrison Ford,The Award Showdown
Harrison Ford,Patriot Games: Up Close
Ryan Gosling,First Man: Giant Leap in One Small Step
Ryan Gosling,First Man: Mission Gone Wrong
Ryan Gosling,First Man: Preparing to Launch
Ryan Gosling,First Man: Putting You in the Seat
Ryan Gosling,First Man: Recreating the Moon Landing
Ryan Gosling,First Man: Shooting at NASA
Ryan Gosling,First Man: Shooting for the Moon
Harrison Ford,AFI's 100 Years... 100 Passions: America's Greatest Love Stories
Harrison Ford,Derailed: Anatomy of a Train Wreck
Harrison Ford,Ingo Jownes und die schlimme Mumie
Harrison Ford,Indiana Jones and the Infernal Machine
Harrison Ford,Five Aces
Harrison Ford,The Best of Hollywood
Harrison Ford,The Longest Season
Harrison Ford,The Oscars
Harrison Ford,Hollywood Insider
István Áldott,Attila - King of kings
Ryan Gosling,Des hommes stylés
Ryan Gosling,Quan arribin els marcians
Ryan Gosling,Blade Runner 2049: Two Become One
Ryan Gosling,Dressing the Skin: The Fashion of 'Blade Runner 2049'
Ryan Gosling,Fights of the Future: The Action of 'Blade Runner 2049'
Ryan Gosling,Great Day Houston
Harrison Ford,AOPA Live This Week
Harrison Ford,Drew Struzan Congratulatory Video
Harrison Ford,Witness to 9/11: In the Shadows of Ground Zero
Harrison Ford,Piper's Picks TV
Harrison Ford,The Skywalker Legacy
Harrison Ford,Made in Hollywood
István Áldott,Hotel Margaret
István Áldott,The Cost of Deception
István Áldott,Dune
István Áldott,Így vagy tökéletes
István Áldott,Terminator: Dark Fate
István Áldott,Egynyári kaland
István Áldott,Blade Runner 2049
István Áldott,The Man with the Iron Heart
István Áldott,Tyrant
István Áldott,Home Guards
Ryan Gosling,The Ellen DeGeneres Show
Ryan Gosling,Today
Ryan Gosling,IMDb on the Scene - Interviews
Ryan Gosling,WGN Morning News
Ryan Gosling,Entertainment Tonight
Ryan Gosling,Extra with Billy Bush
Ryan Gosling,Jimmy Kimmel Live!
Ryan Gosling,The Graham Norton Show
Ryan Gosling,Días de cine
Kingston Taylor,Ruth: The Musical
Zoltán Béres,Blade Runner 2049
Harrison Ford,Celebrity Page
Harrison Ford,Good Morning America
Harrison Ford,Dish Nation
Harrison Ford,On the Scene with Lindalee
Harrison Ford,Good Morning Britain
Harrison Ford,Lorraine
Harrison Ford,Entertainment Tonight
Harrison Ford,The Ellen DeGeneres Show
Harrison Ford,CBS News Sunday Morning
István Áldott,The Last Kingdom
Ryan Gosling,Quotidien
Ryan Gosling,CTV News at Six Toronto
Ryan Gosling,Blade Runner 101
Ryan Gosling,Blade Runner 2049: To Be Human: - Casting Blade Runner 2049
Ryan Gosling,Designing the World of Blade Runner 2049
Ryan Gosling,Front Row Late
Ryan Gosling,Dish Nation
Ryan Gosling,Good Morning Britain
Kingston Taylor,The Alienist
Kingston Taylor,Blade Runner 2049
Kingston Taylor,Vision. Taken Seriously: Julie Walters CBE
Harrison Ford,Extra with Billy Bush
Harrison Ford,Jimmy Kimmel Live!
Harrison Ford,Sergio Mendes in the Key of Joy
Harrison Ford,Red Carpet Report
Harrison Ford,VICE Investigates
Harrison Ford,Alan Pakula: Going for Truth
Harrison Ford,Armstrong
Harrison Ford,Entertainment Tonight Canada
Harrison Ford,Today
Harrison Ford,The Tonight Show Starring Jimmy Fallon
Ryan Gosling,Dagsrevyen
Ryan Gosling,Good Morning America
Ryan Gosling,Blade Runner 2049 Movie Special
Ryan Gosling,Saturday Night Live
Ryan Gosling,Access Hollywood
Ryan Gosling,Vivement dimanche prochain
Ryan Gosling,Aramburu's Magical Mystery Tour
Ryan Gosling,CBC Arts: Exhibitionists
Ryan Gosling,The Oscars
Ryan Gosling,Made in Hollywood
Ryan Gosling,The Insider
Ryan Gosling,The EE British Academy Film Awards
Harrison Ford,STEM in 30
Harrison Ford,The 76th Annual Golden Globe Awards 2019
Harrison Ford,Blade Runner 2049: Two Become One
Harrison Ford,Dressing the Skin: The Fashion of 'Blade Runner 2049'
Harrison Ford,Fights of the Future: The Action of 'Blade Runner 2049'
Harrison Ford,SAG Foundation Conversations
Harrison Ford,The 4th Annual Carney Awards
Ryan Gosling,The 23rd Annual Screen Actors Guild Awards
Ryan Gosling,Asaichi
Ryan Gosling,Le journal de 20 heures
Ryan Gosling,E! Live from the Red Carpet
Ryan Gosling,The 74th Annual Golden Globe Awards 2017
Ryan Gosling,The Big Leap: Adam McKay
Ryan Gosling,The House of Cards: The Rise of the Fall
Ryan Gosling,The Nice Guys: Worst. Detectives. Ever.
Ryan Gosling,Last Week
Ryan Gosling,The Nice Guys: Always Bet on Black
Ryan Gosling,The Nice Guys: Junket Rant
Ryan Gosling,The Late Show with Stephen Colbert
Ryan Gosling,The Nice Guys: Meet the Nice Guys
Ryan Gosling,The Nice Guys: Couples Therapy
Ryan Gosling,The Big Short: In the Tranches - Casting
Harrison Ford,Always at The Carlyle
Harrison Ford,Hollywood Walk of Fame Ceremony: Mark Hamill
Harrison Ford,Blade Runner 101
Harrison Ford,Blade Runner 2049: To Be Human: - Casting Blade Runner 2049
Harrison Ford,Designing the World of Blade Runner 2049
Harrison Ford,7th AACTA Awards
Harrison Ford,Joan Didion: The Center Will Not Hold
Harrison Ford,Front Row Late
Harrison Ford,Días de cine
Harrison Ford,Spielberg
Harrison Ford,Charlie Rose
Harrison Ford,Live with Kelly and Ryan
Konstantin Pál,Blade Runner 2049
Ryan Gosling,The Big Short: Unlikely Heroes - The Characters of the Big Short
Ryan Gosling,The Oscars
Ryan Gosling,Film 2018
Harrison Ford,Dagsrevyen
Harrison Ford,Blade Runner 2049 Movie Special
Harrison Ford,The Graham Norton Show
Harrison Ford,Access Hollywood
Harrison Ford,Vivement dimanche prochain
Harrison Ford,Sometimes Lucky Is More Important Than Smart: Conversations with Mace Neufeld
Harrison Ford,Studio 10
Ryan Gosling,73rd Golden Globe Awards
Ryan Gosling,IMDb Asks
Harrison Ford,Star Wars Celebration 2017
Harrison Ford,The Force Awakens: Dressing the Galaxy
Harrison Ford,The American Cinematheque Tribute to Ridley Scott
Harrison Ford,Flight Zone: Where Dreams Take Flight!
Harrison Ford,AFI Life Achievement Award
Harrison Ford,Star Wars: Episode VII - The Force Awakens: The Story Awakens - The Table Read
Harrison Ford,The Force Awakens: Force for Change
Harrison Ford,The Scavenger & the Stormtrooper: A Conversation with Daisy Ridley and John Boyega
Harrison Ford,Secrets of the Force Awakens: A Cinematic Journey
Harrison Ford,Disneyland 60th Anniversary TV Special
Joshua Tersoo Allagh,Blade Runner 2049
Ryan Gosling,Le grand journal de Canal+
Ryan Gosling,The Big Short: Getting Real - Recreating an Era
Ryan Gosling,4th AACTA Awards
Ryan Gosling,My Life Directed By Nicolas Winding Refn
Ryan Gosling,E! News
Harrison Ford,2016 Golden Globe Arrivals Special
Harrison Ford,73rd Golden Globe Awards
Harrison Ford,Star Wars: Greatest Moments
Harrison Ford,The Jonathan Ross Show
Harrison Ford,Conan
Harrison Ford,5 News
Harrison Ford,Unfiltered with Renee Young
Harrison Ford,BuzzFeed Video
Harrison Ford,The Late Show with Stephen Colbert
Ryan Gosling,Going to the Place Beyond the Pines
Ryan Gosling,Seduced and Abandoned
Ryan Gosling,Gangster Squad: Tough Guys with Style
Ryan Gosling,Cinema 3
Ryan Gosling,Taff
Ryan Gosling,Vivir de cine
Ryan Gosling,Conan
Ryan Gosling,The Hollywood Fast Lane
Harrison Ford,Star Wars: The Force Awakens World Premiere Red Carpet
Harrison Ford,Rotten Tomatoes
Harrison Ford,American Music Awards 2015
Harrison Ford,Harrison Ford Surprises Star Wars Fans
Ryan Gosling,Up Close with Carrie Keagan
Ryan Gosling,All Good Things: Deleted Scenes
Ryan Gosling,All Good Things: Truth in Fiction
Ryan Gosling,All Good Things: Wrinkles in Time
Ryan Gosling,Celebrity Style Story
Ryan Gosling,NWR (Nicolas Winding Refn)
Ryan Gosling,Touch of Evil
Harrison Ford,The British Academy Britannia Awards
Harrison Ford,A Love Story for the Ages
Harrison Ford,Living in the Age of Airplanes
Harrison Ford,72nd Golden Globe Awards
Harrison Ford,The Expendables 3: New Blood - Stacked and Jacked
Harrison Ford,The Expendables 3: The Total Action Package
Ryan Gosling,Quiet Ryan
Ryan Gosling,The Tonight Show with Jay Leno
Ryan Gosling,Late Night with Jimmy Fallon
Ryan Gosling,Late Show with David Letterman
Ryan Gosling,2011 MTV Movie Awards
Harrison Ford,The Making of 'the Expendables 3'
Harrison Ford,Flying the Feathered Edge: The Bob Hoover Project
Harrison Ford,Cinema 3
Harrison Ford,Le grand journal de Canal+
Harrison Ford,Years of Living Dangerously
Harrison Ford,Dalai Lama Awakening
Harrison Ford,The Oscars
Ryan Gosling,Cannes Film Festival
Ryan Gosling,Breakfast
Ryan Gosling,The 68th Annual Golden Globe Awards
Ryan Gosling,16th Annual Critics' Choice Movie Awards
Ryan Gosling,Charlie Rose
Ryan Gosling,ReGeneration
Harrison Ford,The Making of 'Ender's Game'
Harrison Ford,David Blaine: Real or Magic
Harrison Ford,Late Night with Jimmy Fallon
Harrison Ford,Late Show with David Letterman
Harrison Ford,The Tonight Show with Jay Leno
Harrison Ford,"Wetten, dass..?"
Harrison Ford,The Fugitive: Thrill of the Chase
Harrison Ford,Tavis Smiley
Harrison Ford,Drew: The Man Behind the Poster
Harrison Ford,11th Annual Visual Effects Society Awards
André Lukács Molnár,A fekete emberek
Ryan Gosling,Dead Man's Bones: In the Room Where You Sleep
Ryan Gosling,Lars and the Real Girl: A Real Leading Lady
Ryan Gosling,Lars and the Real Girl: The Real Story of...
Ryan Gosling,14th Annual Screen Actors Guild Awards
Ryan Gosling,Screenplay Series with Syd Field
Ryan Gosling,Getaway
Ryan Gosling,Biography
Ryan Gosling,A Place in Time
Harrison Ford,The Late Late Show with Craig Ferguson
Harrison Ford,Larry King Now
Harrison Ford,The Morning Show
Harrison Ford,Studio 42 with Bob Costas
Harrison Ford,Weekend Ticket
Harrison Ford,West Wing Week
Harrison Ford,Milius
Harrison Ford,The BAFTA Britannia Awards
Harrison Ford,The Making of the Kingdom of the Crystal Skull
Harrison Ford,Face to Face with 'Weird Al' Yankovic
Harrison Ford,The 69th Annual Golden Globe Awards
Harrison Ford,Conversations with Jon Favreau
Harrison Ford,Igniting the Sky: The Making of Cowboys & Aliens
Harrison Ford,Close Up
Harrison Ford,Episode VI: Crew and Cast Interviews
Harrison Ford,The Love We Make
André Lukács Molnár,Aranyélet
Ryan Gosling,HBO First Look
Ryan Gosling,The 79th Annual Academy Awards
Ryan Gosling,Film Independent's 2007 Spirit Awards
Ryan Gosling,13th Annual Screen Actors Guild Awards
Ryan Gosling,The 12th Annual Critics' Choice Awards
Ryan Gosling,The Teen Choice Awards 2005
Ryan Gosling,2005 MTV Movie Awards
Ryan Gosling,All in the Extended Family: Nick Cassavetes Profile
Ryan Gosling,Anatomy of a Scene
Harrison Ford,Daybreak
Harrison Ford,HBO First Look
Harrison Ford,Guys Choice Awards 2011
Harrison Ford,Rencontres de cinéma
Harrison Ford,Janela Indiscreta
Harrison Ford,Best in Film: The Greatest Movies of Our Time
Harrison Ford,Made in Hollywood: Teen Edition
Harrison Ford,Kinotipp
Harrison Ford,Breakfast
Harrison Ford,Frühstücksfernsehen
Harrison Ford,The Role That Changed My Life
Harrison Ford,Extraordinary Measures: The Power to Overcome
Harrison Ford,The Daily Show
Harrison Ford,La nuit des Césars
Harrison Ford,Xposé
Harrison Ford,Live from Studio Five
Harrison Ford,The Doctors
István Göz,FBI: International
André Lukács Molnár,Blade Runner 2049
Ryan Gosling,The 2002 IFP/West Independent Spirit Awards
Ryan Gosling,The 9th Annual YTV Achievement Awards
Ryan Gosling,The All New Mickey Mouse Club
Ryan Gosling,Phoenix Rising
Ryan Gosling,Entertainment Tonight
Ryan Gosling,WatchMojo
Ryan Gosling,Phenomenon Blade Runner
Ryan Gosling,Celebrity Page
Ryan Gosling,This Morning
Harrison Ford,Up Close with Carrie Keagan
Harrison Ford,The Hour
Harrison Ford,The 67th Annual Golden Globe Awards
Harrison Ford,Mark at the Movies
Harrison Ford,Brace for Impact: The Chesley B. Sullenberger Story
István Göz,Bad Poems
István Göz,Genius
István Göz,Blade Runner 2049
István Göz,No Place Like on the Road
István Göz,The Man with the Iron Heart
István Göz,Terek
István Göz,Casanova
István Göz,Liza the Fox-Fairy
István Göz,Captain Alatriste
István Göz,Gyászfilm
István Göz,Provincia
István Göz,Astérix and Obélix: God Save Britannia
István Göz,Hacktion
István Göz,Szájhösök
István Göz,Monte Carlo
Ryan Gosling,The Graham Norton Show
Ryan Gosling,10 Comebacks That Slayed in 2017
Ryan Gosling,Xploration Outer Space
Ryan Gosling,Extra with Billy Bush
Ryan Gosling,Anita Tries to Ruin Blade Runner Just Like Everything Else She Does
Ryan Gosling,Access Hollywood
Ryan Gosling,Welcome to the Basement
Ryan Gosling,The Insider
Ryan Gosling,Good Morning Britain
Ryan Gosling,Nunca es tarde
Ryan Gosling,Hoy nos toca
Ryan Gosling,Hollywood Today Live
Ryan Gosling,A Saturday Night Live Christmas Special
Ryan Gosling,The Ellen DeGeneres Show
Ryan Gosling,Pornland
Ryan Gosling,Taff
Ryan Gosling,Movie Guide
Ryan Gosling,1st AACTA Awards
Ryan Gosling,Ryan Gosling Reacts to Oscar Snub for Drive
Harrison Ford,Wings Over the Rockies
Harrison Ford,Scream Awards 2009
István Göz,The Eagle
István Göz,The Debt
István Göz,Going Postal
István Göz,Eichmann
István Göz,Sínjárók
István Göz,Treasured Island
István Göz,Day of Wrath
István Göz,De kik azok a Lumnitzer növérek?
István Göz,Rokonok
István Göz,Fateless
István Göz,Lili
István Göz,I ragazzi della via Pál
István Göz,"Szeret, nem szeret"
István Göz,Dracula
István Göz,Sniper 2
István Göz,The Baroness and the Pig
István Göz,Chacho Rom
István Göz,Perlasca: The Courage of a Just Man
István Göz,The Breed
István Göz,Kisváros
István Göz,Glass Tiger
Ryan Gosling,My Week with Marilyn: The Untold Story of an American Icon
Ryan Gosling,Unraveling the Story: Interview with Andrew Jarecki
Ryan Gosling,E! True Hollywood Story
Harrison Ford,Brüno
Harrison Ford,The Movie Loft
István Göz,Our Love
István Göz,Balekok és banditák
István Göz,Hello Doki
István Göz,Offenbachs Geheimnis
István Göz,Szamba
Harrison Ford,Indiana Jones 4: Pre-production
Harrison Ford,Indiana Jones 4: The Return of a Legend
Harrison Ford,Production Diary: Making of 'The Kingdom of the Crystal Skull'
Harrison Ford,The Crystal Skulls
Harrison Ford,The 60th Primetime Emmy Awards
Harrison Ford,Eigo de shabera-night
Harrison Ford,Spike Guys Choice
Harrison Ford,AFI's 10 Top 10: America's 10 Greatest Films in 10 Classic Genres
Harrison Ford,Smap×Smap
Harrison Ford,ABC News Nightline
Harrison Ford,The View
Harrison Ford,Achter de schermen bij 'Indiana Jones and the Kingdom of the Crystal Skull'
Harrison Ford,Late Night with Conan O'Brien
Harrison Ford,Nova
Harrison Ford,The Immortal Beaver
Harrison Ford,20 heures le journal
István Göz,Mesmer
István Göz,Sose halunk meg
István Göz,Félálom
István Göz,Sztálin menyasszonya
István Göz,"Titánia, Titánia, avagy a dublörök éjszakája"
István Göz,Miss Arizona
István Göz,"Isten veletek, barátaim"
Harrison Ford,Fantastic
Harrison Ford,Indiana Jones: An Appreciation
Harrison Ford,Indiana Jones and the Creepy Crawlies
Harrison Ford,Raiders of the Lost Ark: An Introduction
Harrison Ford,Temple of Doom: An Introduction
Harrison Ford,The Last Crusade: An Introduction
Harrison Ford,Travel with Indiana Jones: Locations
Harrison Ford,Nickelodeon Kids' Choice Awards 2008
Harrison Ford,E! Live from the Red Carpet
Harrison Ford,The 80th Annual Academy Awards
Harrison Ford,The Barbara Walters Summer Special
Harrison Ford,Movies Rock
Harrison Ford,Dangerous Days: Making Blade Runner
Harrison Ford,Deck-A-Rep: The True Nature of Rick Deckard
Harrison Ford,Fashion Forward: Wardrobe and Styling
István Göz,"Csók, Anyu!"
István Göz,Egészséges erotika
István Göz,Vásár
István Göz,"Oh, Bloody Life"
István Göz,Alagút
István Göz,A természet lágy ölén
István Göz,Potteries
István Göz,Ripacsok
István Göz,Maskarák
István Göz,A három jószívü rabló
Harrison Ford,NRJ 12: Scream Awards
Harrison Ford,Scream Awards 2007
Harrison Ford,Dalai Lama Renaissance
István Göz,Deliver Us from Evil
István Göz,A kétfenekü dob
Pál Nyári,Drága örökösök
Harrison Ford,AFI's 100 Years... 100 Movies: 10th Anniversary Edition
Harrison Ford,2007 Taurus World Stunt Awards
Harrison Ford,In the Cutz
Harrison Ford,The 58th Annual Primetime Emmy Awards
Harrison Ford,Firewall: Decoded
Harrison Ford,Hollywood Greats
Harrison Ford,Continuarà...
Harrison Ford,Caiga quien caiga
Harrison Ford,Corazón de...
Harrison Ford,Getaway
Harrison Ford,Sunrise
Harrison Ford,Martha
Harrison Ford,The 63rd Annual Golden Globe Awards 2006
Pál Nyári,Blade Runner 2049
Pál Nyári,Bet on Revenge
Pál Nyári,Emma
Harrison Ford,The 32nd Annual People's Choice Awards
Harrison Ford,Between Two Worlds: The Making of 'Witness'
Harrison Ford,Star Wars: Feel the Force
Harrison Ford,The Characters of 'Star Wars'
Harrison Ford,When Star Wars Ruled the World
Harrison Ford,Empire of Dreams: The Story of the 'Star Wars' Trilogy
Harrison Ford,Tinseltown TV
Harrison Ford,The Directors
Harrison Ford,Brits Go to Hollywood
Harrison Ford,Indiana Jones: Making the Trilogy
Harrison Ford,The Stunts of 'Indiana Jones'
Harrison Ford,Je suis venu(e) vous dire
Harrison Ford,Macy's 4th of July Spectacular
Harrison Ford,This Is Your Life
Harrison Ford,2003 ABC World Stunt Awards
Harrison Ford,2003 MTV Movie Awards
Harrison Ford,AFI's 100 Years... 100 Heroes & Villains
Harrison Ford,Young Hollywood Awards
Harrison Ford,The 75th Annual Academy Awards
Harrison Ford,The 60th Annual Golden Globe Awards 2003
Harrison Ford,Patriot Games: Up Close
Harrison Ford,Exploring the Craft: Make-Up Techniques
Harrison Ford,K-19: It's in the Details
Harrison Ford,The Making of 'K-19: The Widowmaker'
Harrison Ford,Film 2018
Harrison Ford,Taff
Harrison Ford,Leute heute
Harrison Ford,Revealed with Jules Asner
Harrison Ford,Harrison Ford: Just Another Pilot
Harrison Ford,VH-1 Where Are They Now?
Harrison Ford,AFI's 100 Years... 100 Passions: America's Greatest Love Stories
Harrison Ford,Rank
Harrison Ford,The Search for Life: Are We Alone?
Harrison Ford,Clear and Present Danger: Behind the Danger
Harrison Ford,Biography
Harrison Ford,The 59th Annual Golden Globe Awards
Harrison Ford,Derailed: Anatomy of a Train Wreck
Harrison Ford,R2-D2: Beneath the Dome
Harrison Ford,The Concert for New York City
Harrison Ford,AFI's 100 Years... 100 Thrills: America's Most Heart-Pounding Movies
Harrison Ford,On the Run with 'the Fugitive'
Harrison Ford,Lost Worlds: Life in the Balance
Harrison Ford,Central Casting
Harrison Ford,Flightline: Army Helicopter Pilots of Vietnam
Harrison Ford,Comme au cinéma
Harrison Ford,Inside the Actors Studio
Harrison Ford,Legends
Harrison Ford,2000 Blockbuster Entertainment Awards
Harrison Ford,The 57th Annual Golden Globe Awards 2000
Harrison Ford,The 26th Annual People's Choice Awards
Harrison Ford,Celebrity Profile
Harrison Ford,Indiana Jones and the Last Crusade: A Look Inside
Harrison Ford,Mardy Murie: Arctic Dance
Harrison Ford,People Profiles: Harrison Ford
Harrison Ford,The Stars of 'Star Wars': Interviews from the Cast
Harrison Ford,The Unauthorized 'Star Wars' Story
Harrison Ford,Tonight
Harrison Ford,Jane Goodall: Reason for Hope
Harrison Ford,Larry King Live
Harrison Ford,Omnibus
Harrison Ford,From Star Wars to Star Wars: The Story of Industrial Light & Magic
Harrison Ford,The Annual Film Society of Lincoln Center Honors Mike Nichols
Harrison Ford,The Howard Stern Radio Show
Harrison Ford,The 71st Annual Academy Awards
Harrison Ford,For Everyone Everywhere
Harrison Ford,Harrison Ford: The Reluctant Hero
Harrison Ford,The Best of Hollywood
Harrison Ford,Tony Bennett Live by Request: An All-Star Tribute
Harrison Ford,"For Everyone, Everywhere: The Making of the Universal Declaration of Human Rights"
Harrison Ford,The Making of 'American Graffiti'
Harrison Ford,Mundo VIP
Harrison Ford,The Magic Hour
Harrison Ford,Glamoroso!
Harrison Ford,The Rosie O'Donnell Show
Harrison Ford,Bravo Profiles: The Entertainment Business
Harrison Ford,The 24th Annual People's Choice Awards
Harrison Ford,The Making of 'Air Force One'
Harrison Ford,Ôsama no buranchi
Harrison Ford,Tæt på troldmanden George Lucas
Harrison Ford,Alta Voltagem
Harrison Ford,Star Wars: The Magic & the Mystery
Harrison Ford,"Sex, Censorship and the Silver Screen"
Harrison Ford,Maury
Harrison Ford,The Walt Disney Company and McDonald's Present the American Teacher Awards
Harrison Ford,The World of Jacques Demy
Harrison Ford,One Hundred and One Nights
Harrison Ford,Everyman
Harrison Ford,A Century of Cinema
Harrison Ford,Lista Top 40
Harrison Ford,Mustang: The Hidden Kingdom
Harrison Ford,CBS This Morning
Harrison Ford,The 66th Annual Academy Awards
Harrison Ford,American Masters
Harrison Ford,Behind the Scenes: A Portrait of Pierre Guffroy
Harrison Ford,Earth and the American Dream
Harrison Ford,Repórteres
Harrison Ford,Filmreview
Harrison Ford,E.T. - Entretenimento Total
Harrison Ford,Sean Connery: A BAFTA Tribute
Harrison Ford,Wogan
Harrison Ford,Premiere: Inside the Summer Blockbusters
Harrison Ford,Bains de minuit
Harrison Ford,Aspel & Company
Harrison Ford,De película
Harrison Ford,Gran premio internazionale della TV
Harrison Ford,The Making of 'Indiana Jones and the Temple of Doom'
Harrison Ford,From 'Star Wars' to 'Jedi': The Making of a Saga
Harrison Ford,Blade Runner: On the Set
Harrison Ford,Return of the Ewok
Harrison Ford,Late Night with David Letterman
Harrison Ford,The Making of 'Raiders of the Lost Ark'
Harrison Ford,Great Movie Stunts: Raiders of the Lost Ark
Harrison Ford,Clapper Board
Harrison Ford,The Making of 'The Empire Strikes Back'
Harrison Ford,The Risk Business
Harrison Ford,The Mike Douglas Show
Harrison Ford,Star Wars Screen Test - Mark Hamill and Harrison Ford
Harrison Ford,Revista de cine
Harrison Ford,The Alan Hamel Show
Harrison Ford,Spécial cinéma
Harrison Ford,The Making of 'Star Wars'
Harrison Ford,Dinah!
Harrison Ford,The Merv Griffin Show
Harrison Ford,Letterman
Harrison Ford,Sean Connery: The Man and the Movies
Harrison Ford,Being James Bond: The Daniel Craig Story
Harrison Ford,Dagsrevyen
Harrison Ford,WatchMojo
Harrison Ford,Entertainment Tonight
Harrison Ford,Les Chroniques du Mea
Harrison Ford,Conan
Harrison Ford,Phenomenon Blade Runner
Harrison Ford,Indiana Jones: The Search for the Lost Golden Age
Harrison Ford,Minty Comedic Arts
Harrison Ford,Discovering Film
Harrison Ford,Viaje al centro de la tele
Harrison Ford,L'Histoire nous le dira
Harrison Ford,Casting Calls
Harrison Ford,2019: A Year in the Life of a Year
Harrison Ford,Burger Quiz
Harrison Ford,Behind Closed Doors
Harrison Ford,The Jewels of the Salton Sea
Harrison Ford,ITV Evening News
Harrison Ford,ITV Lunchtime News
Harrison Ford,Celebrity Page
Harrison Ford,Les enfants de la télé
Harrison Ford,Leaving Neverland
Harrison Ford,Untouchable
Harrison Ford,This Morning
Harrison Ford,CBS News Sunday Morning
Harrison Ford,The Graham Norton Show
Harrison Ford,Six Sides of Katharine Hepburn
Harrison Ford,Hell's Club Part 2. Another Night
Harrison Ford,Meryl Streep: Shut the F*ck Up
Harrison Ford,Un Créatif
Harrison Ford,Extra with Billy Bush
Harrison Ford,10 Comebacks That Slayed in 2017
Harrison Ford,Anita Tries to Ruin Blade Runner Just Like Everything Else She Does
Harrison Ford,Access Hollywood
Harrison Ford,"Gene Wilder: Loved, Remembered"
Harrison Ford,Inside Edition
Harrison Ford,Die Harrison Ford Story
Harrison Ford,Behind the Scenes
Harrison Ford,National Endowment for the Arts: United States of Arts
Harrison Ford,The Drunken Peasants
Harrison Ford,Live with Kelly and Ryan
Harrison Ford,Science étonnante
Harrison Ford,Star Wars at the BBC
Harrison Ford,Film 2018
Harrison Ford,Elstree 1976
Harrison Ford,AOPA Live This Week
Harrison Ford,Nexus VI
Harrison Ford,Wogan: The Best Of
Harrison Ford,The Insider
Harrison Ford,Autopsy: The Last Hours of
Harrison Ford,Atari: Game Over
Harrison Ford,Welcome to the Basement
Harrison Ford,Special Collector's Edition
Harrison Ford,And the Oscar Goes to...
Harrison Ford,L'antre du Mea
Harrison Ford,Dai nostri inviati: La Rai racconta la Mostra del cinema di Venezia 1980-1989
Harrison Ford,People Magnet TV
Harrison Ford,Movie Guide
Harrison Ford,Close Up
Harrison Ford,On Set with 'Raiders of the Lost Ark'
Harrison Ford,Prophets of Science Fiction
Harrison Ford,Final Cut: Ladies and Gentlemen
Harrison Ford,1st AACTA Awards
Edward James Olmos,Mayans M.C.
Harrison Ford,Love Lust
Harrison Ford,Carrie Fisher: Wishful Drinking
Harrison Ford,P.O.V.
Harrison Ford,20 to 1
Harrison Ford,Live from Studio Five
Harrison Ford,Late Night with Conan O'Brien
Harrison Ford,Banda sonora
Harrison Ford,Closing: Team Indy
Harrison Ford,Del corto a Hollywood
Harrison Ford,Adventures in Post-Production
Harrison Ford,A New Chapter: The Story of 'The Force Unleashed'
Harrison Ford,President Hollywood
Edward James Olmos,Walking with Herb
Edward James Olmos,Chasing Wonders
Edward James Olmos,Bless This Mess
Edward James Olmos,FX Mayans M.C. Season 2: First Look
Edward James Olmos,The Devil Has a Name
Edward James Olmos,Windows on the World
Edward James Olmos,Elena of Avalor
Edward James Olmos,A Dog's Way Home
Harrison Ford,The Beaches of Agnès
Harrison Ford,The Factor
Harrison Ford,5 Second Movies
Harrison Ford,"Oscar, que empiece el espectáculo"
Harrison Ford,Roman Polanski: Wanted and Desired
Harrison Ford,Blade Runner: Deleted and Alternate Scenes
Harrison Ford,Página 2
Harrison Ford,Cámara negra. Teatro Victoria Eugenia
Edward James Olmos,Imprisoned
Edward James Olmos,Mayans M.C. - Inside Season 1: The Mayans Table Read
Edward James Olmos,Mayans M.C. - Inside Season 1: Meet the Brotherhood
Edward James Olmos,Mayans M.C. - Inside Season 1: Latin Pride
Edward James Olmos,"Mayans M.C. - Inside Season 1: The Troublemaker, Elgin James"
Edward James Olmos,Mayans M.C. - Inside Season 1: The Creation of Mayans M.C.
Edward James Olmos,Coco
Edward James Olmos,Blade Runner 2049
Edward James Olmos,Blade Runner: Black Out 2022
Edward James Olmos,Narcos
Edward James Olmos,Urban Cowboy
Harrison Ford,On the Lot
Harrison Ford,Manufacturing Dissent
Harrison Ford,MythBusters
Harrison Ford,Lego Star Wars II: The Original Trilogy
Harrison Ford,Boffo! Tinseltown's Bombs and Blockbusters
Harrison Ford,VH1 News Presents
Edward James Olmos,Monday Nights at Seven
Edward James Olmos,Americano
Edward James Olmos,The Simpsons
Edward James Olmos,Agents of S.H.I.E.L.D.
Edward James Olmos,The Art of Human Salvage
Edward James Olmos,House of the Righteous
Edward James Olmos,2 Guns
Edward James Olmos,Go for Sisters
Edward James Olmos,Enduring Legacy
Edward James Olmos,Filly Brown
Harrison Ford,Corazón de...
Harrison Ford,El Magacine
Harrison Ford,Tvist
Harrison Ford,Cinema mil
Harrison Ford,Penn & Teller: Bullshit!
Harrison Ford,"Michael Moore, el gran agitador"
Harrison Ford,Retrosexual: The 80's
Harrison Ford,Star Wars: Battlefront
Harrison Ford,Celebrities Uncensored
Harrison Ford,101 Biggest Celebrity Oops
Harrison Ford,The Light and Magic of 'Indiana Jones'
Harrison Ford,Late Night with Conan O'Brien: 10th Anniversary Special
Harrison Ford,Hollywood Rivals
Harrison Ford,Sendung ohne Namen
Harrison Ford,Quentin Tarantino's Star Wars
Harrison Ford,E! True Hollywood Story
Harrison Ford,Star Wars: Rogue Squadron II - Rogue Leader
Edward James Olmos,Portlandia
Edward James Olmos,Eureka
Edward James Olmos,Dexter
Edward James Olmos,América
Edward James Olmos,The Green Hornet
Edward James Olmos,CSI: NY
Edward James Olmos,I'm Still Here
Edward James Olmos,Battlestar Galactica: The Plan
Edward James Olmos,Battlestar Galactica
Edward James Olmos,Beverly Hills Chihuahua
Edward James Olmos,Late Show with David Letterman
Edward James Olmos,Battlestar Galactica: Razor
Edward James Olmos,Battlestar Galactica: Razor Flashbacks
Edward James Olmos,George Lopez
Harrison Ford,Twentieth Century Fox: The Blockbuster Years
Harrison Ford,Witness: A Conversation with Director Peter Weir
Harrison Ford,"Warner Bros. 75th Anniversary: No Guts, No Glory"
Harrison Ford,Masters of the Martial Arts Presented by Wesley Snipes
Harrison Ford,The Movie Show
Harrison Ford,100 Years at the Movies
Harrison Ford,At the Movies
Harrison Ford,The Secret World of Spying
Harrison Ford,EBN: Commercial Entertainment Product
Harrison Ford,The 61st Annual Academy Awards
Harrison Ford,Suncoast Motion Picture Company - We Can Take You There Commercial
Harrison Ford,The 58th Annual Academy Awards
Harrison Ford,Star Wars
Edward James Olmos,Splinter
Edward James Olmos,Walkout
Edward James Olmos,La cerca
Edward James Olmos,The Batman
Edward James Olmos,Battlestar Galactica
Edward James Olmos,Greetings from Tucson
Edward James Olmos,Jack and Marilyn
Edward James Olmos,American Family
Edward James Olmos,In the Time of the Butterflies
Edward James Olmos,The Judge
Edward James Olmos,The Princess & the Barrio Boy
Edward James Olmos,Gossip
Edward James Olmos,The Road to El Dorado
Harrison Ford,The Dick Cavett Show
Harrison Ford,SP FX: Special Effects - The Empire Strikes Back
Edward James Olmos,The West Wing
Edward James Olmos,Bonanno: A Godfather's Story
Edward James Olmos,The Wall
Edward James Olmos,Touched by an Angel
Edward James Olmos,The Taking of Pelham One Two Three
Edward James Olmos,The Wonderful Ice Cream Suit
Edward James Olmos,Selena Remembered
Edward James Olmos,12 Angry Men
Edward James Olmos,Happily Ever After: Fairy Tales for Every Child
Edward James Olmos,Gun
Edward James Olmos,Hollywood Confidential
Edward James Olmos,Selena
Edward James Olmos,Disturbing the Peace
Edward James Olmos,The Crystal Skull
Edward James Olmos,Death in Granada
Edward James Olmos,The Limbic Region
Edward James Olmos,Dead Man's Walk
Edward James Olmos,Caught
Edward James Olmos,Slave of Dreams
Edward James Olmos,Toto: I Will Remember
Edward James Olmos,The Magic School Bus
Edward James Olmos,500 Nations
Edward James Olmos,Mirage
Edward James Olmos,My Family
Edward James Olmos,The Burning Season: The Chico Mendes Story
Edward James Olmos,Menendez: A Killing in Beverly Hills
Edward James Olmos,A Million to Juan
Edward James Olmos,Roosters
Edward James Olmos,Even Cowgirls Get the Blues
Edward James Olmos,The Wild West
Edward James Olmos,American Me
Edward James Olmos,Talent for the Game
Edward James Olmos,The Earth Day Special
Edward James Olmos,Triumph of the Spirit
Edward James Olmos,Miami Vice
Edward James Olmos,The Fortunate Pilgrim
Edward James Olmos,Stand and Deliver
Edward James Olmos,Saving Grace
Edward James Olmos,Nausicaä of the Valley of the Wind
Edward James Olmos,Hill Street Blues
Edward James Olmos,Faerie Tale Theatre
Edward James Olmos,The Ballad of Gregorio Cortez
Edward James Olmos,American Playhouse
Edward James Olmos,Blade Runner
Edward James Olmos,Zoot Suit
Edward James Olmos,Wolfen
Edward James Olmos,300 Miles for Stephanie
Edward James Olmos,Virus: The End
Edward James Olmos,Evening in Byzantium
Edward James Olmos,CHiPs
Edward James Olmos,Police Story
Edward James Olmos,The Fitzpatricks
Edward James Olmos,Delvecchio
Edward James Olmos,Rafferty
Edward James Olmos,Alambrista!
Edward James Olmos,Visions
Edward James Olmos,Hawaii Five-O
Edward James Olmos,Starsky and Hutch
Edward James Olmos,Police Woman
Edward James Olmos,The Blue Knight
Edward James Olmos,Kojak
Edward James Olmos,Bronk
Edward James Olmos,Aloha Bobby and Rose
Edward James Olmos,Black Fist
Edward James Olmos,Cannon
Edward James Olmos,The Devil Has a Name
Edward James Olmos,Monday Nights at Seven
Edward James Olmos,Americano
Edward James Olmos,Exile Nation: The Plastic People
Edward James Olmos,Water & Power
Edward James Olmos,Go for Sisters
Edward James Olmos,Filly Brown
Edward James Olmos,América
Edward James Olmos,Walkout
Edward James Olmos,Jack and Marilyn
Edward James Olmos,The Last Winter
Edward James Olmos,Americanos: Latino Life in the United States
Edward James Olmos,Lives in Hazard
Edward James Olmos,American Me
Edward James Olmos,The Ballad of Gregorio Cortez
Edward James Olmos,American Playhouse
Edward James Olmos,The Devil Has a Name
Edward James Olmos,Battlestar Galactica: The Plan
Edward James Olmos,Battlestar Galactica
Edward James Olmos,Walkout
Edward James Olmos,Jack and Marilyn
Edward James Olmos,American Me
Edward James Olmos,Miami Vice
Edward James Olmos,The Ballad of Gregorio Cortez
Edward James Olmos,American Playhouse
Edward James Olmos,Filly Brown
Edward James Olmos,Zoot Suit
Edward James Olmos,Dig Comics
Edward James Olmos,Buscando a Leti
Edward James Olmos,Battlestar Galactica: The Story So Far
Edward James Olmos,"Warner Bros. 75th Anniversary: No Guts, No Glory"
Edward James Olmos,The Other Conquest
Edward James Olmos,Life is Art
Edward James Olmos,OutKick 360
Edward James Olmos,Seen
Edward James Olmos,The Hollywood Moment
Edward James Olmos,Midnight's Edge
Edward James Olmos,Phenomenon Blade Runner
Edward James Olmos,Sidewalks Entertainment
Edward James Olmos,Red Carpet Report
Edward James Olmos,The 49th Annual - Nosotros Golden Eagle Awards
Edward James Olmos,American Masters
Edward James Olmos,WGN Morning News
Edward James Olmos,Carlos Almaraz: Playing with Fire
Edward James Olmos,Diversity in Hollywood
Edward James Olmos,Authentic Storytelling: The Ballad of Gregorio Cortez
Edward James Olmos,Días de cine
Edward James Olmos,Every Night's a Saturday Night
Edward James Olmos,The Nineties
Edward James Olmos,L.A. Burning: The Riots 25 Years Later
Edward James Olmos,The 21st Annual Satellite Awards
Edward James Olmos,American Latino TV
Edward James Olmos,III Premios Platino del cine Iberoamericano
Edward James Olmos,Live from the Red Carpet: The Paley Center Tribute to Hispanic Achievements in Television
Edward James Olmos,The 20th Annual Satellite Awards
Edward James Olmos,A Director Prepares: Bobby Roth's Masterclass
Edward James Olmos,Vidfest Diaries
Edward James Olmos,The 30th Annual Imagen Awards
Edward James Olmos,Unity
Edward James Olmos,Indie Film Hustle Show
Edward James Olmos,Emissaries: Galacticon III
Edward James Olmos,Energizing Our World
Edward James Olmos,Exile Nation: The Plastic People
Edward James Olmos,A Bridge Apart
Edward James Olmos,The Real History of Science Fiction
Edward James Olmos,Journey of a Female Comic
Edward James Olmos,Extra with Billy Bush
Edward James Olmos,Pioneers of Television
Edward James Olmos,Agave Is Life
Edward James Olmos,Creative Continuity
Edward James Olmos,PoliticKING with Larry King
Edward James Olmos,Live Forever: The Ray Bradbury Odyssey
Edward James Olmos,TakePart Live
Edward James Olmos,Tavis Smiley
Edward James Olmos,Teens Wanna Know
Edward James Olmos,Mario Lopez: One on One
Edward James Olmos,2013 ALMA Awards
Edward James Olmos,That Hashtag Show
Edward James Olmos,Fatherhood 101
Edward James Olmos,The Interviews: An Oral History of Television
Edward James Olmos,I Love Jenni
Edward James Olmos,"This Is MY Country, Twin Fiddles and Accordion"
Edward James Olmos,18th Annual Screen Actors Guild Awards
Edward James Olmos,Si Se Puede: The Roseland Prep Story
Edward James Olmos,2011 ALMA Awards
Edward James Olmos,Latino 101
Edward James Olmos,Voces Vivas
Edward James Olmos,A Class Apart
Edward James Olmos,FedCon XVIII: The Golden Future
Edward James Olmos,Up Close with Carrie Keagan
Edward James Olmos,Scream Awards 2009
Edward James Olmos,CNN Presents: Latino in America
Edward James Olmos,2009 Alma Awards
Edward James Olmos,"Hollywood Singing & Dancing: A Musical History - 1980s, 1990s and 2000s"
Edward James Olmos,Battlestar Galactica: ...and They Have a Plan
Edward James Olmos,Battlestar Galactica: The Journey Ends - The Arrival
Edward James Olmos,Battlestar Galactica: The Last Frakkin' Special
Edward James Olmos,The Movie Loft
Edward James Olmos,American Experience
Edward James Olmos,Battlestar Galactica: The Journey
Edward James Olmos,The Music of 'Battlestar Galactica'
Edward James Olmos,Biography
Edward James Olmos,Chicano Rock! The Sounds of East Los Angeles
Edward James Olmos,2008 ALMA Awards
Edward James Olmos,Más vale tarde
Edward James Olmos,Hollywood Singing and Dancing: A Musical Treasure
Edward James Olmos,TMZ on TV
Edward James Olmos,Dangerous Days: Making Blade Runner
Edward James Olmos,Deck-A-Rep: The True Nature of Rick Deckard
Edward James Olmos,Fashion Forward: Wardrobe and Styling
Edward James Olmos,Discovery Atlas
Edward James Olmos,Making of Selena: 10 Years Later
Edward James Olmos,Making 'Splinter'
Edward James Olmos,HypaSpace
Edward James Olmos,Poncho Sanchez: Keeper of the Flame
Edward James Olmos,Voces
Edward James Olmos,75th Annual Hollywood Christmas Parade
Edward James Olmos,Lalo Guerrero: The Original Chicano
Edward James Olmos,The Forgotten Eagles
Edward James Olmos,Pioneros
Edward James Olmos,New York Latino Film Festival 2006
Edward James Olmos,Recycled Life
Edward James Olmos,AFI's 100 Years... 100 Cheers: America's Most Inspiring Movies
Edward James Olmos,The 65th Annual Peabody Awards
Edward James Olmos,2006 ALMA Awards
Edward James Olmos,Film Trix
Edward James Olmos,The Black Movie Awards
Edward James Olmos,Sci Fi Inside: Sci Fi Friday
Edward James Olmos,05 Spaceys
Edward James Olmos,Behind the Microphone: Nausicaa of the Valley of the Wind
Edward James Olmos,Salud Emocional: Una Guia para los Hispano Americanos
Edward James Olmos,¡Despierta América!
Edward James Olmos,Cristina: El 15 aniversario
Edward James Olmos,The 8th Annual Golden Satellite Awards
Edward James Olmos,Battlestar Galactica: The Lowdown
Edward James Olmos,Play Ball!: The Authentic Little League Baseball Guide to Pitching
Edward James Olmos,The Bronze Screen: 100 Years of the Latino Image in American Cinema
Edward James Olmos,Intimate Portrait
Edward James Olmos,Lying for a Living
Edward James Olmos,The 4th Annual Family Television Awards
Edward James Olmos,2002 ALMA Awards
Edward James Olmos,Playboy: Inside the Playboy Mansion
Edward James Olmos,Heroes for the Planet: A Tribute to National Geographic
Edward James Olmos,E! True Hollywood Story
Edward James Olmos,2000 ALMA Awards
Edward James Olmos,ESPY Awards
Edward James Olmos,The 70s: The Decade That Changed Television
Edward James Olmos,"Great Writers, Great Cities"
Edward James Olmos,No Greater Calling
Edward James Olmos,Super Bowl XXXIV
Edward James Olmos,Super Bowl XXXIV Halftime Show
Edward James Olmos,1999 ALMA Awards
Edward James Olmos,Crucible of Empire: The Spanish American War
Edward James Olmos,The Americanos Concert
Edward James Olmos,The Dream Center: Hope for the Inner City
Edward James Olmos,The Unfinished Journey
Edward James Olmos,68th Annual Hollywood Christmas Parade
Edward James Olmos,Zapatista
Edward James Olmos,The Story of Fathers & Sons
Edward James Olmos,AFI's 100 Years... 100 Stars: America's Greatest Screen Legends
Edward James Olmos,Great Books
Edward James Olmos,"Warner Bros. 75th Anniversary: No Guts, No Glory"
Edward James Olmos,1998 ALMA Awards
Edward James Olmos,2nd Annual Latino Laugh Festival
Edward James Olmos,Hollywood Salutes Easter Seals
Edward James Olmos,Latino Laugh Festival
Edward James Olmos,The Living Edens
Edward James Olmos,Prophecies of the Millennium
Edward James Olmos,1996 Billboard Music Awards
Edward James Olmos,The Rosie O'Donnell Show
Edward James Olmos,Sightings
Edward James Olmos,53rd Annual Golden Globe Awards
Edward James Olmos,The 47th Annual Primetime Emmy Awards
Edward James Olmos,15th Annual Tejano Music Awards
Edward James Olmos,1st Annual Screen Actors Guild Awards
Edward James Olmos,At the Movies
Edward James Olmos,The 52nd Annual Golden Globe Awards
Edward James Olmos,The Suzanne Somers Show
Edward James Olmos,An Evening at the Improv
Edward James Olmos,Lives in Hazard
Edward James Olmos,Late Night with Conan O'Brien
Edward James Olmos,"Good Cop, Bad Kid"
Edward James Olmos,1993 Essence Awards
Edward James Olmos,ABC Afterschool Specials
Edward James Olmos,Le divan
Edward James Olmos,The 64th Annual Academy Awards
Edward James Olmos,One on One with John Tesh
Edward James Olmos,The Arsenio Hall Show
Edward James Olmos,The 6th Annual Independent Spirit Awards
Edward James Olmos,The 33rd Annual Grammy Awards
Edward James Olmos,Father/Son
Edward James Olmos,The 1st Annual American Teacher Awards
Edward James Olmos,Maria's Story
Edward James Olmos,The Making of 'Triumph of the Spirit'
Edward James Olmos,The 16th Annual People's Choice Awards
Edward James Olmos,The 47th Annual Golden Globe Awards 1990
Edward James Olmos,22nd NAACP Image Awards
Edward James Olmos,There Really Is a Santa Claus
Edward James Olmos,The 61st Annual Academy Awards
Edward James Olmos,The 46th Annual Golden Globe Awards
Edward James Olmos,Barry Gibb Love and Hope Festival IV
Edward James Olmos,The Media Show
Edward James Olmos,The Geraldo Rivera Show
Edward James Olmos,Amnesty: The Dream Fulfilled?
Edward James Olmos,Hour Magazine
Edward James Olmos,Jacques Cousteau: Rediscover the World I
Edward James Olmos,Barry Gibb Love and Hope Festival III
Edward James Olmos,Blue Collar & Buddha
Edward James Olmos,The 38th Annual Primetime Emmy Awards
Edward James Olmos,The 43rd Annual Golden Globe Awards 1986
Edward James Olmos,The 37th Annual Primetime Emmy Awards
Edward James Olmos,The 33rd Annual Tony Awards
Edward James Olmos,Good Morning America
Edward James Olmos,LA 92
Edward James Olmos,Hispanic Youth Showcase 25th Anniversary
Edward James Olmos,Blade Runner: Deleted and Alternate Scenes
Edward James Olmos,Página 2
Edward James Olmos,Battlestar Galactica: The Story So Far
Jared Leto,Untitled Jared Leto/Joker Project
Jared Leto,Tron 3
Jared Leto,Adrift
Jared Leto,WeCrashed
Jared Leto,Morbius
Jared Leto,Gucci: Gucci Love Parade Campaign
Jared Leto,House of Gucci
Jared Leto,30 Seconds to Mars: Hail to the Victor
Jared Leto,Zack Snyder's Justice League
Jared Leto,The Little Things
Jared Leto,Asesinato en el Hormiguero Express
Jared Leto,30 Seconds to Mars: Rescue Me
Jared Leto,30 Seconds to Mars: Dangerous Night
Jared Leto,The Outsider
Jared Leto,30 Seconds to Mars: Walk on Water
Jared Leto,Blade Runner 2049
Jared Leto,2036: Nexus Dawn
Jared Leto,Gucci Guilty
Jared Leto,Skrillex & Rick Ross: Purple Lamborghini
Jared Leto,Suicide Squad
Jared Leto,30 Seconds to Mars: City of Angels
Jared Leto,Dallas Buyers Club
Jared Leto,30 Seconds to Mars: Do or Die
Jared Leto,30 Seconds to Mars: Up in the Air
Jared Leto,30 Seconds to Mars: This Is War
Jared Leto,30 Seconds to Mars: Hurricane
Jared Leto,30 Seconds to Mars: Closer to the Edge
Jared Leto,30 Seconds to Mars: Kings and Queens
Jared Leto,Mr. Nobody
Jared Leto,30 Seconds to Mars: A Beautiful Lie
Jared Leto,Chapter 27
Jared Leto,30 Seconds to Mars: From Yesterday
Jared Leto,Lonely Hearts
Jared Leto,30 Seconds to Mars: The Kill (Bury Me)
Jared Leto,Lord of War
Jared Leto,30 Seconds to Mars: Attack
Jared Leto,Alexander
Jared Leto,30 Seconds to Mars: Edge of the Earth
Jared Leto,Sol Goode
Jared Leto,30 Seconds to Mars: Capricorn (A Brand New Name)
Jared Leto,Highway
Jared Leto,Panic Room
Jared Leto,Sunset Strip
Jared Leto,Requiem for a Dream
Jared Leto,American Psycho
Jared Leto,"Girl, Interrupted"
Jared Leto,Fight Club
Jared Leto,Black & White
Jared Leto,The Thin Red Line
Jared Leto,Urban Legend
Jared Leto,Basil
Jared Leto,Switchback
Jared Leto,Prefontaine
Jared Leto,The Last of the High Kings
Jared Leto,How to Make an American Quilt
Jared Leto,My So-Called Life
Jared Leto,Cool and the Crazy
Jared Leto,Rebel Highway
Jared Leto,Almost Home
Jared Leto,Camp Wilder
Jared Leto,Untitled Jared Leto/Joker Project
Jared Leto,Tron 3
Jared Leto,Adrift
Jared Leto,WeCrashed
Jared Leto,A Day in the Life of America
Jared Leto,30 Seconds to Mars: Rescue Me
Jared Leto,The Outsider
Jared Leto,30 Seconds to Mars: Walk on Water
Jared Leto,Holy Hell
Jared Leto,Into the Wild
Jared Leto,30 Seconds to Mars: City of Angels
Jared Leto,30 Seconds to Mars: Do or Die
Jared Leto,30 Seconds to Mars: Up in the Air
Jared Leto,Artifact
Jared Leto,30 Seconds to Mars: This Is War
Jared Leto,30 Seconds to Mars: Hurricane
Jared Leto,30 Seconds to Mars: Closer to the Edge
Jared Leto,30 Seconds to Mars: The Making of 'The Ride'
Jared Leto,30 Seconds to Mars: Kings and Queens
Jared Leto,Chapter 27
Jared Leto,30 Seconds to Mars: The Kill (Bury Me)
Jared Leto,Sol Goode
Jared Leto,30 Seconds to Mars: Hail to the Victor
Jared Leto,A Day in the Life of America
Jared Leto,30 Seconds to Mars: Walk on Water
Jared Leto,Great Wide Open
Jared Leto,Beyond the Horizon
Jared Leto,Into the Wild
Jared Leto,30 Seconds to Mars: City of Angels
Jared Leto,30 Seconds to Mars: Do or Die
Jared Leto,30 Seconds to Mars: Up in the Air
Jared Leto,Artifact
Jared Leto,30 Seconds to Mars: Hurricane
Jared Leto,30 Seconds to Mars: Closer to the Edge
Jared Leto,30 Seconds to Mars: The Making of 'The Ride'
Jared Leto,30 Seconds to Mars: Kings and Queens
Jared Leto,30 Seconds to Mars: A Beautiful Lie
Jared Leto,30 Seconds to Mars: From Yesterday
Jared Leto,30 Seconds to Mars: The Kill (Bury Me)
Jared Leto,Elämäni Biisi
Jared Leto,Hoy nos toca
Jared Leto,Los40 Music Awards 2017
Jared Leto,Ladbrokes Players Championship
Jared Leto,2015 FIFA Women's World Cup
Jared Leto,Ladbrokes World Grand Prix
Jared Leto,Fury
Jared Leto,The Tonight Show Starring Jimmy Fallon
Jared Leto,When the Game Stands Tall
Jared Leto,Circus Halligalli
Jared Leto,30 Seconds to Mars: City of Angels
Jared Leto,Dallas Buyers Club
Jared Leto,The Vision of Paolo Soleri: Prophet in the Desert
Jared Leto,North America
Jared Leto,30 Seconds to Mars: Up in the Air
Jared Leto,Alarm für Cobra 11 - Die Autobahnpolizei
Jared Leto,Mulatschag
Jared Leto,Two Rabbits
Jared Leto,Dancing with the Stars
Jared Leto,American Idol
Jared Leto,The Tonight Show with Jay Leno
Jared Leto,Need for Speed: Hot Pursuit
Jared Leto,Skyline
Jared Leto,X Factor
Jared Leto,The Ward
Jared Leto,Live from Studio Five
Jared Leto,The Tonight Show with Conan O'Brien
Jared Leto,The Double Hour
Jared Leto,Guitar Hero: World Tour
Jared Leto,Premiya Muz-TV 2008
Jared Leto,2007 MTV Los Premios
Jared Leto,Without a Trace
Jared Leto,Madden NFL 2007
Jared Leto,Madden NFL 2006
Jared Leto,The Core
Jared Leto,Into the Wild
Jared Leto,30 Seconds to Mars: Rescue Me
Jared Leto,30 Seconds to Mars: Walk on Water
Jared Leto,Into the Wild
Jared Leto,30 Seconds to Mars: This Is War
Jared Leto,30 Seconds to Mars: Hurricane
Jared Leto,30 Seconds to Mars: Closer to the Edge
Jared Leto,30 Seconds to Mars: The Kill (Bury Me)
Jared Leto,30 Seconds to Mars: City of Angels
Jared Leto,30 Seconds to Mars: Up in the Air
Jared Leto,30 Seconds to Mars: Hurricane
Jared Leto,30 Seconds to Mars: Closer to the Edge
Jared Leto,30 Seconds to Mars: Hurricane
Jared Leto,30 Seconds to Mars: Closer to the Edge
Jared Leto,Free Solo
Jared Leto,Hardcore Henry
Jared Leto,The Ladder
Jared Leto,Aqua Seafoam Shame
Jared Leto,Stories We Tell
Jared Leto,Skyline
Jared Leto,48 Hours in Purgatory
Jared Leto,The 64th Annual Grammy Awards
Jared Leto,Días de cine
Jared Leto,IMDb on the Scene - Interviews
Jared Leto,Quotidien
Jared Leto,The Tonight Show Starring Jimmy Fallon
Jared Leto,Entertainment Tonight
Jared Leto,Leute heute
Jared Leto,Access Hollywood
Jared Leto,Extra with Billy Bush
Jared Leto,UFC 272: Covington vs Masvidal
Jared Leto,The 28th Annual Screen Actors Guild Awards
Jared Leto,UFC on ESPN
Jared Leto,Variety Studio: Actors on Actors
Jared Leto,The Late Late Show with James Corden
Jared Leto,UFC 269: Oliveira vs. Poirier
Jared Leto,Good Morning America
Jared Leto,The Ellen DeGeneres Show
Jared Leto,House of Gucci: Interview Special
Jared Leto,Gucci Love Parade
Jared Leto,The Kelly Clarkson Show
Jared Leto,The Late Show with Stephen Colbert
Jared Leto,Hollywood Insider
Jared Leto,2021 Golden Globe Awards
Jared Leto,The Jess Cagle Podcast with Julia Cunningham
Jared Leto,Sunday Sitdown with Willie Geist
Jared Leto,Sunday Today with Willie Geist
Jared Leto,Live with Kelly and Ryan
Jared Leto,Dish Nation
Jared Leto,Joker: Put on A Happy Face
Jared Leto,La Semaine des 4 Julie
Jared Leto,The BRIT Awards 2019
Jared Leto,Gucci Guilty: #ForeverGuilty
Jared Leto,Waxx
Jared Leto,Brisant
Jared Leto,Evening Urgant
Jared Leto,CBS News Sunday Morning
Jared Leto,Blade Runner 2049: To Be Human: - Casting Blade Runner 2049
Jared Leto,Designing the World of Blade Runner 2049
Jared Leto,C à vous
Jared Leto,American Music Awards 2017
Jared Leto,One Voice Somos Live: A Concert for Disaster Relief
Jared Leto,Conan
Jared Leto,Blade Runner 2049 Movie Special
Jared Leto,Hand in Hand: A Benefit for Hurricane Relief
Jared Leto,2017 MTV Video Music Awards
Jared Leto,Daily Pop
Jared Leto,Access Daily
Jared Leto,WGN Morning News
Jared Leto,The Oscars
Jared Leto,The Fashion Awards 2016: Red Carpet Highlights
Jared Leto,Invincible A-List with Vince & Joan
Jared Leto,Last Week
Jared Leto,Made in Hollywood
Jared Leto,The Chris Moyles Show on Radio X
Jared Leto,The Noite com Danilo Gentili
Jared Leto,Up Close with Carrie Keagan
Jared Leto,The Insider
Jared Leto,Great Wide Open
Jared Leto,Zedd: True Colors
Jared Leto,Alaska's Melting Glaciers
Jared Leto,2016 MTV Movie Awards
Jared Leto,La noche de los Oscar
Jared Leto,The Oscars
Jared Leto,Dawn of the Justice League
Jared Leto,Celebrity Style Story
Jared Leto,American Music Awards 2015
Jared Leto,Jeremy Scott: The People's Designer
Jared Leto,2015 MTV Video Music Awards
Jared Leto,Into the Wild
Jared Leto,The Oscars
Jared Leto,30th Annual Film Independent Spirit Awards
Jared Leto,The 21st Annual Screen Actors Guild Awards
Jared Leto,20th Annual Critics' Choice Movie Awards
Jared Leto,72nd Golden Globe Awards
Jared Leto,Hollywood Film Awards
Jared Leto,Bystander Revolution
Jared Leto,Vyrt: 30 Seconds to Mars Carnivores Tour Concert at Hollywood Bowl
Jared Leto,E! Live from the Red Carpet
Jared Leto,IHeartRadio Music Awards
Jared Leto,2014 MTV Movie Awards
Jared Leto,Music Interview Corner: Webisodes
Jared Leto,Inside Edition
Jared Leto,The Oscars
Jared Leto,The 2014 Film Independent Spirit Awards
Jared Leto,On the Wall: Thirty Seconds to Mars
Jared Leto,Skavlan
Jared Leto,E! News
Jared Leto,The 56th Annual Grammy Awards
Jared Leto,20th Annual Screen Actors Guild Awards
Jared Leto,19th Annual Critics' Choice Movie Awards
Jared Leto,71st Golden Globe Awards
Jared Leto,The Hollywood Reporter Roundtables
Jared Leto,Big Morning Buzz Live
Jared Leto,The Daily Show
Jared Leto,MTV Europe Music Awards
Jared Leto,WatchMojo
Jared Leto,Sidewalks Entertainment
Jared Leto,Rock in Rio
Jared Leto,2013 MTV Video Music Awards
Jared Leto,Circus Halligalli
Jared Leto,Young Hollywood
Jared Leto,The Hour
Jared Leto,MTV News Australia: Celebrity Interviews
Jared Leto,Artifact
Jared Leto,SesioneS con Alejandro Franco
Jared Leto,In Sixty
Jared Leto,Enslaved: An MTV EXIT Special
Jared Leto,2011 MTV Video Music Awards
Jared Leto,50 Documentaries to See Before You Die
Jared Leto,Unplugged
Jared Leto,TT3D: Closer to the Edge
Jared Leto,Lopez Tonight
Jared Leto,Fearne and...
Jared Leto,Chelsea Lately
Jared Leto,2010 MTV Video Music Awards
Jared Leto,Boombox All Access with 30 Seconds to Mars
Jared Leto,Alan Carr: Chatty Man
Jared Leto,Live from Studio Five
Jared Leto,Taff
Jared Leto,30 Seconds to Mars: The Making of 'The Ride'
Jared Leto,Hope for Haiti Now: A Global Benefit for Earthquake Relief
Jared Leto,Rencontres de cinéma
Jared Leto,The Tonight Show with Conan O'Brien
Jared Leto,Last Call with Carson Daly
Jared Leto,B InTune TV
Jared Leto,MTV Asia Awards 2008
Jared Leto,Premiya Muz-TV 2008
Jared Leto,Hotel Gramercy Park
Jared Leto,TRL Italy
Jared Leto,Down & Dirty
Jared Leto,The Making of 'Lonely Hearts'
Jared Leto,Marc Jacobs & Louis Vuitton
Jared Leto,Le grand journal de Canal+
Jared Leto,Fuse Fangoria Chainsaw Awards
Jared Leto,2006 MTV Video Music Awards
Jared Leto,Jimmy Kimmel Live!
Jared Leto,Armenian Genocide
Jared Leto,The Making of 'Lord of War'
Jared Leto,Fight Against Time: Oliver Stone's Alexander
Jared Leto,Late Night with Conan O'Brien
Jared Leto,Hubert Selby Jr: It/ll Be Better Tomorrow
Jared Leto,The Standard
Jared Leto,Perfect Is the Enemy of Good
Jared Leto,The Death of 'Alexander'
Jared Leto,HBO First Look
Jared Leto,Shooting 'Panic Room'
Jared Leto,Player$
Jared Leto,Hollywood High
Jared Leto,HBO First Look: The Making of 'Panic Room'
Jared Leto,The 59th Annual Golden Globe Awards
Jared Leto,The Making of 'Requiem for a Dream'
Jared Leto,The 2001 IFP/West Independent Spirit Awards
Jared Leto,E! Behind the Scenes
Jared Leto,Wild Life Adventures
Jared Leto,1995 MTV Movie Awards
Jared Leto,In a New Light: Sex Unplugged
Jared Leto,Entertainment Tonight
Jared Leto,Salty Cracker
Jared Leto,Let Me Explain
Jared Leto,Top 10 Beyond the Screen
Jared Leto,Disclosure
Jared Leto,Live with Kelly and Ryan
Jared Leto,Le Point Culture
Jared Leto,The Insider
Jared Leto,The Tonight Show Starring Jimmy Fallon
Jared Leto,Screenwipe
Jared Leto,Extra with Billy Bush
Jared Leto,Video on Trial
Jared Leto,Celebrities Uncensored
